{
    "translation": [
        -0.008814177919444277,
        -0.07840537292414995,
        0.6101333530440927
    ],
    "rotation": [
        [
            -0.965715072748037,
            -0.24835479050139722,
            0.07559296623645312
        ],
        [
            0.25960431095660524,
            -0.9238674184284688,
            0.28120205308087354
        ],
        [
            0.0,
            0.29118532106087347,
            0.9566666654580769
        ]
    ],
    "width": 0.06564154475927353
}