{
    "translation": [
        0.04233029177075151,
        -0.06676067303911215,
        0.6584999942369759
    ],
    "rotation": [
        [
            0.887448434527081,
            -0.43786166262423054,
            0.14391817293910347
        ],
        [
            0.4609070145435335,
            0.8430760105053603,
            -0.27710569177153443
        ],
        [
            0.0,
            0.31224990778911427,
            0.9499999974135209
        ]
    ],
    "width": 0.09272508323192596
}