{
    "translation": [
        0.03255429499107029,
        -0.11723024303448099,
        0.5746999907262623
    ],
    "rotation": [
        [
            -0.9541641180592939,
            0.2763387739427554,
            -0.11492483114454204
        ],
        [
            -0.29928387161377346,
            -0.8810115329734368,
            0.36639847703014283
        ],
        [
            0.0,
            0.3839994281032324,
            0.9233333305022572
        ]
    ],
    "width": 0.07575156539678574
}